<annotation>
	<folder>dataset</folder>
	<filename>Abd. Rohim.jpg</filename>
	<path>C:\Users\threenala\Desktop\Capstone\dataset\Abd. Rohim.jpg</path>
	<source>
		<database>Unknown</database>
	</source>
	<size>
		<width>586</width>
		<height>385</height>
		<depth>3</depth>
	</size>
	<segmented>0</segmented>
	<object>
		<name>ktp</name>
		<pose>Unspecified</pose>
		<truncated>0</truncated>
		<difficult>0</difficult>
		<bndbox>
			<xmin>3</xmin>
			<ymin>3</ymin>
			<xmax>583</xmax>
			<ymax>382</ymax>
		</bndbox>
	</object>
</annotation>
