<annotation>
	<folder>dataset</folder>
	<filename>Abdullah.jpg</filename>
	<path>C:\Users\threenala\Desktop\Capstone\dataset\Abdullah.jpg</path>
	<source>
		<database>Unknown</database>
	</source>
	<size>
		<width>999</width>
		<height>630</height>
		<depth>3</depth>
	</size>
	<segmented>0</segmented>
	<object>
		<name>ktp</name>
		<pose>Unspecified</pose>
		<truncated>1</truncated>
		<difficult>0</difficult>
		<bndbox>
			<xmin>3</xmin>
			<ymin>3</ymin>
			<xmax>999</xmax>
			<ymax>628</ymax>
		</bndbox>
	</object>
</annotation>
