<annotation>
	<folder>dataset</folder>
	<filename>Acep Nandar.jpg</filename>
	<path>C:\Users\threenala\Desktop\Capstone\dataset\Acep Nandar.jpg</path>
	<source>
		<database>Unknown</database>
	</source>
	<size>
		<width>610</width>
		<height>418</height>
		<depth>3</depth>
	</size>
	<segmented>0</segmented>
	<object>
		<name>ktp</name>
		<pose>Unspecified</pose>
		<truncated>1</truncated>
		<difficult>0</difficult>
		<bndbox>
			<xmin>2</xmin>
			<ymin>2</ymin>
			<xmax>609</xmax>
			<ymax>418</ymax>
		</bndbox>
	</object>
</annotation>
