<annotation>
	<folder>dataset</folder>
	<filename>Acmad Shidiq.jpg</filename>
	<path>C:\Users\threenala\Desktop\Capstone\dataset\Acmad Shidiq.jpg</path>
	<source>
		<database>Unknown</database>
	</source>
	<size>
		<width>966</width>
		<height>626</height>
		<depth>3</depth>
	</size>
	<segmented>0</segmented>
	<object>
		<name>ktp</name>
		<pose>Unspecified</pose>
		<truncated>1</truncated>
		<difficult>0</difficult>
		<bndbox>
			<xmin>17</xmin>
			<ymin>19</ymin>
			<xmax>966</xmax>
			<ymax>611</ymax>
		</bndbox>
	</object>
</annotation>
