<annotation>
	<folder>dataset</folder>
	<filename>Adinda Nur Raihan.jpg</filename>
	<path>C:\Users\threenala\Desktop\Capstone\dataset\Adinda Nur Raihan.jpg</path>
	<source>
		<database>Unknown</database>
	</source>
	<size>
		<width>1009</width>
		<height>670</height>
		<depth>3</depth>
	</size>
	<segmented>0</segmented>
	<object>
		<name>ktp</name>
		<pose>Unspecified</pose>
		<truncated>1</truncated>
		<difficult>0</difficult>
		<bndbox>
			<xmin>3</xmin>
			<ymin>2</ymin>
			<xmax>1009</xmax>
			<ymax>669</ymax>
		</bndbox>
	</object>
</annotation>
