<annotation>
	<folder>dataset</folder>
	<filename>Ahmad abrori.jpg</filename>
	<path>C:\Users\threenala\Desktop\Capstone\dataset\Ahmad abrori.jpg</path>
	<source>
		<database>Unknown</database>
	</source>
	<size>
		<width>1160</width>
		<height>762</height>
		<depth>3</depth>
	</size>
	<segmented>0</segmented>
	<object>
		<name>ktp</name>
		<pose>Unspecified</pose>
		<truncated>0</truncated>
		<difficult>0</difficult>
		<bndbox>
			<xmin>9</xmin>
			<ymin>5</ymin>
			<xmax>1155</xmax>
			<ymax>749</ymax>
		</bndbox>
	</object>
</annotation>
