<annotation>
	<folder>dataset</folder>
	<filename>Ahmad Fuad.jpg</filename>
	<path>C:\Users\threenala\Desktop\Capstone\dataset\Ahmad Fuad.jpg</path>
	<source>
		<database>Unknown</database>
	</source>
	<size>
		<width>1098</width>
		<height>705</height>
		<depth>3</depth>
	</size>
	<segmented>0</segmented>
	<object>
		<name>ktp</name>
		<pose>Unspecified</pose>
		<truncated>0</truncated>
		<difficult>0</difficult>
		<bndbox>
			<xmin>40</xmin>
			<ymin>31</ymin>
			<xmax>1094</xmax>
			<ymax>678</ymax>
		</bndbox>
	</object>
</annotation>
