<annotation>
	<folder>dataset</folder>
	<filename>Ahmad Mawaridi.jpg</filename>
	<path>C:\Users\threenala\Desktop\Capstone\dataset\Ahmad Mawaridi.jpg</path>
	<source>
		<database>Unknown</database>
	</source>
	<size>
		<width>1147</width>
		<height>758</height>
		<depth>3</depth>
	</size>
	<segmented>0</segmented>
	<object>
		<name>ktp</name>
		<pose>Unspecified</pose>
		<truncated>0</truncated>
		<difficult>0</difficult>
		<bndbox>
			<xmin>8</xmin>
			<ymin>5</ymin>
			<xmax>1133</xmax>
			<ymax>726</ymax>
		</bndbox>
	</object>
</annotation>
