<annotation>
	<folder>dataset</folder>
	<filename>Aldin Ahyana.jpg</filename>
	<path>C:\Users\threenala\Desktop\Capstone\dataset\Aldin Ahyana.jpg</path>
	<source>
		<database>Unknown</database>
	</source>
	<size>
		<width>852</width>
		<height>558</height>
		<depth>3</depth>
	</size>
	<segmented>0</segmented>
	<object>
		<name>ktp</name>
		<pose>Unspecified</pose>
		<truncated>0</truncated>
		<difficult>0</difficult>
		<bndbox>
			<xmin>15</xmin>
			<ymin>16</ymin>
			<xmax>826</xmax>
			<ymax>539</ymax>
		</bndbox>
	</object>
</annotation>
