<annotation>
	<folder>dataset</folder>
	<filename>Andhika Putra.jpg</filename>
	<path>C:\Users\threenala\Desktop\Capstone\dataset\Andhika Putra.jpg</path>
	<source>
		<database>Unknown</database>
	</source>
	<size>
		<width>1309</width>
		<height>803</height>
		<depth>3</depth>
	</size>
	<segmented>0</segmented>
	<object>
		<name>ktp</name>
		<pose>Unspecified</pose>
		<truncated>0</truncated>
		<difficult>0</difficult>
		<bndbox>
			<xmin>36</xmin>
			<ymin>22</ymin>
			<xmax>1277</xmax>
			<ymax>785</ymax>
		</bndbox>
	</object>
</annotation>
