<annotation>
	<folder>dataset</folder>
	<filename>Andre Budiarto.jpg</filename>
	<path>C:\Users\threenala\Desktop\Capstone\dataset\Andre Budiarto.jpg</path>
	<source>
		<database>Unknown</database>
	</source>
	<size>
		<width>720</width>
		<height>405</height>
		<depth>3</depth>
	</size>
	<segmented>0</segmented>
	<object>
		<name>ktp</name>
		<pose>Unspecified</pose>
		<truncated>0</truncated>
		<difficult>0</difficult>
		<bndbox>
			<xmin>19</xmin>
			<ymin>4</ymin>
			<xmax>579</xmax>
			<ymax>358</ymax>
		</bndbox>
	</object>
</annotation>
