<annotation>
	<folder>dataset</folder>
	<filename>Anggariasih Retnowati Utami.jpg</filename>
	<path>C:\Users\threenala\Desktop\Capstone\dataset\Anggariasih Retnowati Utami.jpg</path>
	<source>
		<database>Unknown</database>
	</source>
	<size>
		<width>1065</width>
		<height>632</height>
		<depth>3</depth>
	</size>
	<segmented>0</segmented>
	<object>
		<name>ktp</name>
		<pose>Unspecified</pose>
		<truncated>1</truncated>
		<difficult>0</difficult>
		<bndbox>
			<xmin>1</xmin>
			<ymin>3</ymin>
			<xmax>1065</xmax>
			<ymax>632</ymax>
		</bndbox>
	</object>
</annotation>
