<annotation>
	<folder>dataset</folder>
	<filename>Ariffin.jpg</filename>
	<path>C:\Users\threenala\Desktop\Capstone\dataset\Ariffin.jpg</path>
	<source>
		<database>Unknown</database>
	</source>
	<size>
		<width>848</width>
		<height>545</height>
		<depth>3</depth>
	</size>
	<segmented>0</segmented>
	<object>
		<name>ktp</name>
		<pose>Unspecified</pose>
		<truncated>0</truncated>
		<difficult>0</difficult>
		<bndbox>
			<xmin>19</xmin>
			<ymin>16</ymin>
			<xmax>842</xmax>
			<ymax>535</ymax>
		</bndbox>
	</object>
</annotation>
