<annotation>
	<folder>dataset</folder>
	<filename>Astina Anidiana Nur.jpg</filename>
	<path>C:\Users\threenala\Desktop\Capstone\dataset\Astina Anidiana Nur.jpg</path>
	<source>
		<database>Unknown</database>
	</source>
	<size>
		<width>764</width>
		<height>540</height>
		<depth>3</depth>
	</size>
	<segmented>0</segmented>
	<object>
		<name>ktp</name>
		<pose>Unspecified</pose>
		<truncated>0</truncated>
		<difficult>0</difficult>
		<bndbox>
			<xmin>20</xmin>
			<ymin>38</ymin>
			<xmax>760</xmax>
			<ymax>500</ymax>
		</bndbox>
	</object>
</annotation>
