<annotation>
	<folder>dataset</folder>
	<filename>Bahtiar.jpg</filename>
	<path>C:\Users\threenala\Desktop\Capstone\dataset\Bahtiar.jpg</path>
	<source>
		<database>Unknown</database>
	</source>
	<size>
		<width>748</width>
		<height>476</height>
		<depth>3</depth>
	</size>
	<segmented>0</segmented>
	<object>
		<name>ktp</name>
		<pose>Unspecified</pose>
		<truncated>0</truncated>
		<difficult>0</difficult>
		<bndbox>
			<xmin>11</xmin>
			<ymin>11</ymin>
			<xmax>742</xmax>
			<ymax>468</ymax>
		</bndbox>
	</object>
</annotation>
