<annotation>
	<folder>dataset</folder>
	<filename>Baso Ferisandi.jpg</filename>
	<path>C:\Users\threenala\Desktop\Capstone\dataset\Baso Ferisandi.jpg</path>
	<source>
		<database>Unknown</database>
	</source>
	<size>
		<width>1280</width>
		<height>768</height>
		<depth>3</depth>
	</size>
	<segmented>0</segmented>
	<object>
		<name>ktp</name>
		<pose>Unspecified</pose>
		<truncated>0</truncated>
		<difficult>0</difficult>
		<bndbox>
			<xmin>214</xmin>
			<ymin>64</ymin>
			<xmax>1257</xmax>
			<ymax>707</ymax>
		</bndbox>
	</object>
</annotation>
