<annotation>
	<folder>dataset</folder>
	<filename>Bhibi Firdaus.jpg</filename>
	<path>C:\Users\threenala\Desktop\Capstone\dataset\Bhibi Firdaus.jpg</path>
	<source>
		<database>Unknown</database>
	</source>
	<size>
		<width>1318</width>
		<height>822</height>
		<depth>3</depth>
	</size>
	<segmented>0</segmented>
	<object>
		<name>ktp</name>
		<pose>Unspecified</pose>
		<truncated>1</truncated>
		<difficult>0</difficult>
		<bndbox>
			<xmin>25</xmin>
			<ymin>1</ymin>
			<xmax>1318</xmax>
			<ymax>819</ymax>
		</bndbox>
	</object>
</annotation>
