<annotation>
	<folder>dataset</folder>
	<filename>Cahaya Trinala Kinanti.jpg</filename>
	<path>C:\Users\threenala\Desktop\Capstone\dataset\Cahaya Trinala Kinanti.jpg</path>
	<source>
		<database>Unknown</database>
	</source>
	<size>
		<width>1402</width>
		<height>888</height>
		<depth>3</depth>
	</size>
	<segmented>0</segmented>
	<object>
		<name>ktp</name>
		<pose>Unspecified</pose>
		<truncated>1</truncated>
		<difficult>0</difficult>
		<bndbox>
			<xmin>1</xmin>
			<ymin>5</ymin>
			<xmax>1402</xmax>
			<ymax>875</ymax>
		</bndbox>
	</object>
</annotation>
