<annotation>
	<folder>dataset</folder>
	<filename>Devi Rosita.jpg</filename>
	<path>C:\Users\threenala\Desktop\Capstone\dataset\Devi Rosita.jpg</path>
	<source>
		<database>Unknown</database>
	</source>
	<size>
		<width>1068</width>
		<height>673</height>
		<depth>3</depth>
	</size>
	<segmented>0</segmented>
	<object>
		<name>ktp</name>
		<pose>Unspecified</pose>
		<truncated>0</truncated>
		<difficult>0</difficult>
		<bndbox>
			<xmin>7</xmin>
			<ymin>16</ymin>
			<xmax>1055</xmax>
			<ymax>662</ymax>
		</bndbox>
	</object>
</annotation>
