<annotation>
	<folder>dataset</folder>
	<filename>Dwi Siswanto.jpg</filename>
	<path>C:\Users\threenala\Desktop\Capstone\dataset\Dwi Siswanto.jpg</path>
	<source>
		<database>Unknown</database>
	</source>
	<size>
		<width>1080</width>
		<height>1440</height>
		<depth>3</depth>
	</size>
	<segmented>0</segmented>
	<object>
		<name>ktp</name>
		<pose>Unspecified</pose>
		<truncated>1</truncated>
		<difficult>0</difficult>
		<bndbox>
			<xmin>14</xmin>
			<ymin>241</ymin>
			<xmax>1080</xmax>
			<ymax>874</ymax>
		</bndbox>
	</object>
</annotation>
