<annotation>
	<folder>dataset</folder>
	<filename>Dwi Septia Ningsih.jpg</filename>
	<path>C:\Users\threenala\Desktop\Capstone\dataset\Dwi Septia Ningsih.jpg</path>
	<source>
		<database>Unknown</database>
	</source>
	<size>
		<width>695</width>
		<height>453</height>
		<depth>3</depth>
	</size>
	<segmented>0</segmented>
	<object>
		<name>ktp</name>
		<pose>Unspecified</pose>
		<truncated>0</truncated>
		<difficult>0</difficult>
		<bndbox>
			<xmin>3</xmin>
			<ymin>7</ymin>
			<xmax>693</xmax>
			<ymax>452</ymax>
		</bndbox>
	</object>
</annotation>
