<annotation>
	<folder>dataset</folder>
	<filename>Dzarr Al Ghifari.jpg</filename>
	<path>C:\Users\threenala\Desktop\Capstone\dataset\Dzarr Al Ghifari.jpg</path>
	<source>
		<database>Unknown</database>
	</source>
	<size>
		<width>997</width>
		<height>640</height>
		<depth>3</depth>
	</size>
	<segmented>0</segmented>
	<object>
		<name>ktp</name>
		<pose>Unspecified</pose>
		<truncated>1</truncated>
		<difficult>0</difficult>
		<bndbox>
			<xmin>4</xmin>
			<ymin>6</ymin>
			<xmax>996</xmax>
			<ymax>640</ymax>
		</bndbox>
	</object>
</annotation>
