<annotation>
	<folder>dataset</folder>
	<filename>Edy Siswanto.jpg</filename>
	<path>C:\Users\threenala\Desktop\Capstone\dataset\Edy Siswanto.jpg</path>
	<source>
		<database>Unknown</database>
	</source>
	<size>
		<width>662</width>
		<height>452</height>
		<depth>3</depth>
	</size>
	<segmented>0</segmented>
	<object>
		<name>ktp</name>
		<pose>Unspecified</pose>
		<truncated>0</truncated>
		<difficult>0</difficult>
		<bndbox>
			<xmin>8</xmin>
			<ymin>16</ymin>
			<xmax>650</xmax>
			<ymax>426</ymax>
		</bndbox>
	</object>
</annotation>
