<annotation>
	<folder>dataset</folder>
	<filename>Eka Tjandra Saputro.jpg</filename>
	<path>C:\Users\threenala\Desktop\Capstone\dataset\Eka Tjandra Saputro.jpg</path>
	<source>
		<database>Unknown</database>
	</source>
	<size>
		<width>706</width>
		<height>397</height>
		<depth>3</depth>
	</size>
	<segmented>0</segmented>
	<object>
		<name>ktp</name>
		<pose>Unspecified</pose>
		<truncated>0</truncated>
		<difficult>0</difficult>
		<bndbox>
			<xmin>79</xmin>
			<ymin>62</ymin>
			<xmax>589</xmax>
			<ymax>378</ymax>
		</bndbox>
	</object>
</annotation>
