<annotation>
	<folder>dataset</folder>
	<filename>Endang Nastiti.jpg</filename>
	<path>C:\Users\threenala\Desktop\Capstone\dataset\Endang Nastiti.jpg</path>
	<source>
		<database>Unknown</database>
	</source>
	<size>
		<width>1066</width>
		<height>676</height>
		<depth>3</depth>
	</size>
	<segmented>0</segmented>
	<object>
		<name>ktp</name>
		<pose>Unspecified</pose>
		<truncated>1</truncated>
		<difficult>0</difficult>
		<bndbox>
			<xmin>2</xmin>
			<ymin>1</ymin>
			<xmax>1066</xmax>
			<ymax>676</ymax>
		</bndbox>
	</object>
</annotation>
