<annotation>
	<folder>dataset</folder>
	<filename>Endang Sulastri.jpg</filename>
	<path>C:\Users\threenala\Desktop\Capstone\dataset\Endang Sulastri.jpg</path>
	<source>
		<database>Unknown</database>
	</source>
	<size>
		<width>516</width>
		<height>387</height>
		<depth>3</depth>
	</size>
	<segmented>0</segmented>
	<object>
		<name>ktp</name>
		<pose>Unspecified</pose>
		<truncated>0</truncated>
		<difficult>0</difficult>
		<bndbox>
			<xmin>48</xmin>
			<ymin>83</ymin>
			<xmax>452</xmax>
			<ymax>335</ymax>
		</bndbox>
	</object>
</annotation>
