<annotation>
	<folder>dataset</folder>
	<filename>Erwinsyah.jpg</filename>
	<path>C:\Users\threenala\Desktop\Capstone\dataset\Erwinsyah.jpg</path>
	<source>
		<database>Unknown</database>
	</source>
	<size>
		<width>996</width>
		<height>616</height>
		<depth>3</depth>
	</size>
	<segmented>0</segmented>
	<object>
		<name>ktp</name>
		<pose>Unspecified</pose>
		<truncated>1</truncated>
		<difficult>0</difficult>
		<bndbox>
			<xmin>1</xmin>
			<ymin>1</ymin>
			<xmax>996</xmax>
			<ymax>616</ymax>
		</bndbox>
	</object>
</annotation>
