<annotation>
	<folder>dataset</folder>
	<filename>Gede Bagus Perdana Putra.jpg</filename>
	<path>C:\Users\threenala\Desktop\Capstone\dataset\Gede Bagus Perdana Putra.jpg</path>
	<source>
		<database>Unknown</database>
	</source>
	<size>
		<width>960</width>
		<height>720</height>
		<depth>3</depth>
	</size>
	<segmented>0</segmented>
	<object>
		<name>ktp</name>
		<pose>Unspecified</pose>
		<truncated>0</truncated>
		<difficult>0</difficult>
		<bndbox>
			<xmin>33</xmin>
			<ymin>86</ymin>
			<xmax>940</xmax>
			<ymax>665</ymax>
		</bndbox>
	</object>
</annotation>
