<annotation>
	<folder>dataset</folder>
	<filename>Hj. Andi Bau Ciccu.jpg</filename>
	<path>C:\Users\threenala\Desktop\Capstone\dataset\Hj. Andi Bau Ciccu.jpg</path>
	<source>
		<database>Unknown</database>
	</source>
	<size>
		<width>844</width>
		<height>568</height>
		<depth>3</depth>
	</size>
	<segmented>0</segmented>
	<object>
		<name>ktp</name>
		<pose>Unspecified</pose>
		<truncated>0</truncated>
		<difficult>0</difficult>
		<bndbox>
			<xmin>38</xmin>
			<ymin>20</ymin>
			<xmax>826</xmax>
			<ymax>511</ymax>
		</bndbox>
	</object>
</annotation>
