<annotation>
	<folder>dataset</folder>
	<filename>I Gusti Ayu Putu Kartika.jpg</filename>
	<path>C:\Users\threenala\Desktop\Capstone\dataset\I Gusti Ayu Putu Kartika.jpg</path>
	<source>
		<database>Unknown</database>
	</source>
	<size>
		<width>733</width>
		<height>459</height>
		<depth>3</depth>
	</size>
	<segmented>0</segmented>
	<object>
		<name>ktp</name>
		<pose>Unspecified</pose>
		<truncated>0</truncated>
		<difficult>0</difficult>
		<bndbox>
			<xmin>23</xmin>
			<ymin>16</ymin>
			<xmax>717</xmax>
			<ymax>444</ymax>
		</bndbox>
	</object>
</annotation>
