<annotation>
	<folder>dataset</folder>
	<filename>Iin sulastri.jpg</filename>
	<path>C:\Users\threenala\Desktop\Capstone\dataset\Iin sulastri.jpg</path>
	<source>
		<database>Unknown</database>
	</source>
	<size>
		<width>686</width>
		<height>464</height>
		<depth>3</depth>
	</size>
	<segmented>0</segmented>
	<object>
		<name>ktp</name>
		<pose>Unspecified</pose>
		<truncated>0</truncated>
		<difficult>0</difficult>
		<bndbox>
			<xmin>2</xmin>
			<ymin>2</ymin>
			<xmax>685</xmax>
			<ymax>458</ymax>
		</bndbox>
	</object>
</annotation>
