<annotation>
	<folder>dataset</folder>
	<filename>Ir. Eka W Jayawardaya.jpg</filename>
	<path>C:\Users\threenala\Desktop\Capstone\dataset\Ir. Eka W Jayawardaya.jpg</path>
	<source>
		<database>Unknown</database>
	</source>
	<size>
		<width>617</width>
		<height>394</height>
		<depth>3</depth>
	</size>
	<segmented>0</segmented>
	<object>
		<name>ktp</name>
		<pose>Unspecified</pose>
		<truncated>0</truncated>
		<difficult>0</difficult>
		<bndbox>
			<xmin>11</xmin>
			<ymin>7</ymin>
			<xmax>613</xmax>
			<ymax>387</ymax>
		</bndbox>
	</object>
</annotation>
