<annotation>
	<folder>dataset</folder>
	<filename>Ira Ismayanti.jpg</filename>
	<path>C:\Users\threenala\Desktop\Capstone\dataset\Ira Ismayanti.jpg</path>
	<source>
		<database>Unknown</database>
	</source>
	<size>
		<width>856</width>
		<height>564</height>
		<depth>3</depth>
	</size>
	<segmented>0</segmented>
	<object>
		<name>ktp</name>
		<pose>Unspecified</pose>
		<truncated>0</truncated>
		<difficult>0</difficult>
		<bndbox>
			<xmin>4</xmin>
			<ymin>12</ymin>
			<xmax>851</xmax>
			<ymax>549</ymax>
		</bndbox>
	</object>
</annotation>
