<annotation>
	<folder>dataset</folder>
	<filename>Izza Rohmatul Hasanah.jpg</filename>
	<path>C:\Users\threenala\Desktop\Capstone\dataset\Izza Rohmatul Hasanah.jpg</path>
	<source>
		<database>Unknown</database>
	</source>
	<size>
		<width>855</width>
		<height>556</height>
		<depth>3</depth>
	</size>
	<segmented>0</segmented>
	<object>
		<name>ktp</name>
		<pose>Unspecified</pose>
		<truncated>0</truncated>
		<difficult>0</difficult>
		<bndbox>
			<xmin>15</xmin>
			<ymin>5</ymin>
			<xmax>851</xmax>
			<ymax>548</ymax>
		</bndbox>
	</object>
</annotation>
