<annotation>
	<folder>dataset</folder>
	<filename>Jamaludin.jpg</filename>
	<path>C:\Users\threenala\Desktop\Capstone\dataset\Jamaludin.jpg</path>
	<source>
		<database>Unknown</database>
	</source>
	<size>
		<width>480</width>
		<height>302</height>
		<depth>3</depth>
	</size>
	<segmented>0</segmented>
	<object>
		<name>ktp</name>
		<pose>Unspecified</pose>
		<truncated>1</truncated>
		<difficult>0</difficult>
		<bndbox>
			<xmin>3</xmin>
			<ymin>1</ymin>
			<xmax>480</xmax>
			<ymax>301</ymax>
		</bndbox>
	</object>
</annotation>
