<annotation>
	<folder>dataset</folder>
	<filename>Johan Aldy Nugroho.jpg</filename>
	<path>C:\Users\threenala\Desktop\Capstone\dataset\Johan Aldy Nugroho.jpg</path>
	<source>
		<database>Unknown</database>
	</source>
	<size>
		<width>1124</width>
		<height>754</height>
		<depth>3</depth>
	</size>
	<segmented>0</segmented>
	<object>
		<name>ktp</name>
		<pose>Unspecified</pose>
		<truncated>0</truncated>
		<difficult>0</difficult>
		<bndbox>
			<xmin>31</xmin>
			<ymin>28</ymin>
			<xmax>1103</xmax>
			<ymax>726</ymax>
		</bndbox>
	</object>
</annotation>
