<annotation>
	<folder>dataset</folder>
	<filename>Mu_alifah.jpg</filename>
	<path>C:\Users\threenala\Desktop\Capstone\dataset\Mu_alifah.jpg</path>
	<source>
		<database>Unknown</database>
	</source>
	<size>
		<width>836</width>
		<height>517</height>
		<depth>3</depth>
	</size>
	<segmented>0</segmented>
	<object>
		<name>ktp</name>
		<pose>Unspecified</pose>
		<truncated>1</truncated>
		<difficult>0</difficult>
		<bndbox>
			<xmin>16</xmin>
			<ymin>4</ymin>
			<xmax>836</xmax>
			<ymax>512</ymax>
		</bndbox>
	</object>
</annotation>
