<annotation>
	<folder>dataset</folder>
	<filename>Muhamad Muhtar Zulfikar.jpg</filename>
	<path>C:\Users\threenala\Desktop\Capstone\dataset\Muhamad Muhtar Zulfikar.jpg</path>
	<source>
		<database>Unknown</database>
	</source>
	<size>
		<width>949</width>
		<height>606</height>
		<depth>3</depth>
	</size>
	<segmented>0</segmented>
	<object>
		<name>ktp</name>
		<pose>Unspecified</pose>
		<truncated>0</truncated>
		<difficult>0</difficult>
		<bndbox>
			<xmin>6</xmin>
			<ymin>11</ymin>
			<xmax>943</xmax>
			<ymax>589</ymax>
		</bndbox>
	</object>
</annotation>
