<annotation>
	<folder>dataset</folder>
	<filename>Mulyono.jpg</filename>
	<path>C:\Users\threenala\Desktop\Capstone\dataset\Mulyono.jpg</path>
	<source>
		<database>Unknown</database>
	</source>
	<size>
		<width>809</width>
		<height>507</height>
		<depth>3</depth>
	</size>
	<segmented>0</segmented>
	<object>
		<name>ktp</name>
		<pose>Unspecified</pose>
		<truncated>0</truncated>
		<difficult>0</difficult>
		<bndbox>
			<xmin>13</xmin>
			<ymin>8</ymin>
			<xmax>803</xmax>
			<ymax>498</ymax>
		</bndbox>
	</object>
</annotation>
