<annotation>
	<folder>dataset</folder>
	<filename>Nanda Yundari.jpg</filename>
	<path>C:\Users\threenala\Desktop\Capstone\dataset\Nanda Yundari.jpg</path>
	<source>
		<database>Unknown</database>
	</source>
	<size>
		<width>773</width>
		<height>495</height>
		<depth>3</depth>
	</size>
	<segmented>0</segmented>
	<object>
		<name>ktp</name>
		<pose>Unspecified</pose>
		<truncated>0</truncated>
		<difficult>0</difficult>
		<bndbox>
			<xmin>10</xmin>
			<ymin>12</ymin>
			<xmax>761</xmax>
			<ymax>487</ymax>
		</bndbox>
	</object>
</annotation>
