<annotation>
	<folder>dataset</folder>
	<filename>Nani Kodiroh.jpg</filename>
	<path>C:\Users\threenala\Desktop\Capstone\dataset\Nani Kodiroh.jpg</path>
	<source>
		<database>Unknown</database>
	</source>
	<size>
		<width>960</width>
		<height>611</height>
		<depth>3</depth>
	</size>
	<segmented>0</segmented>
	<object>
		<name>ktp</name>
		<pose>Unspecified</pose>
		<truncated>1</truncated>
		<difficult>0</difficult>
		<bndbox>
			<xmin>6</xmin>
			<ymin>7</ymin>
			<xmax>959</xmax>
			<ymax>611</ymax>
		</bndbox>
	</object>
</annotation>
