<annotation>
	<folder>dataset</folder>
	<filename>Nining.jpg</filename>
	<path>C:\Users\threenala\Desktop\Capstone\dataset\Nining.jpg</path>
	<source>
		<database>Unknown</database>
	</source>
	<size>
		<width>1068</width>
		<height>687</height>
		<depth>3</depth>
	</size>
	<segmented>0</segmented>
	<object>
		<name>ktp</name>
		<pose>Unspecified</pose>
		<truncated>0</truncated>
		<difficult>0</difficult>
		<bndbox>
			<xmin>5</xmin>
			<ymin>15</ymin>
			<xmax>1064</xmax>
			<ymax>685</ymax>
		</bndbox>
	</object>
</annotation>
