<annotation>
	<folder>dataset</folder>
	<filename>Nur Aeni Rohmah.jpg</filename>
	<path>C:\Users\threenala\Desktop\Capstone\dataset\Nur Aeni Rohmah.jpg</path>
	<source>
		<database>Unknown</database>
	</source>
	<size>
		<width>811</width>
		<height>526</height>
		<depth>3</depth>
	</size>
	<segmented>0</segmented>
	<object>
		<name>ktp</name>
		<pose>Unspecified</pose>
		<truncated>1</truncated>
		<difficult>0</difficult>
		<bndbox>
			<xmin>14</xmin>
			<ymin>6</ymin>
			<xmax>811</xmax>
			<ymax>526</ymax>
		</bndbox>
	</object>
</annotation>
