<annotation>
	<folder>dataset</folder>
	<filename>Nurlelah.jpg</filename>
	<path>C:\Users\threenala\Desktop\Capstone\dataset\Nurlelah.jpg</path>
	<source>
		<database>Unknown</database>
	</source>
	<size>
		<width>1057</width>
		<height>664</height>
		<depth>3</depth>
	</size>
	<segmented>0</segmented>
	<object>
		<name>ktp</name>
		<pose>Unspecified</pose>
		<truncated>0</truncated>
		<difficult>0</difficult>
		<bndbox>
			<xmin>5</xmin>
			<ymin>3</ymin>
			<xmax>1050</xmax>
			<ymax>658</ymax>
		</bndbox>
	</object>
</annotation>
