<annotation>
	<folder>dataset</folder>
	<filename>Nursuhadani.jpg</filename>
	<path>C:\Users\threenala\Desktop\Capstone\dataset\Nursuhadani.jpg</path>
	<source>
		<database>Unknown</database>
	</source>
	<size>
		<width>674</width>
		<height>417</height>
		<depth>3</depth>
	</size>
	<segmented>0</segmented>
	<object>
		<name>ktp</name>
		<pose>Unspecified</pose>
		<truncated>0</truncated>
		<difficult>0</difficult>
		<bndbox>
			<xmin>15</xmin>
			<ymin>6</ymin>
			<xmax>668</xmax>
			<ymax>413</ymax>
		</bndbox>
	</object>
</annotation>
