<annotation>
	<folder>dataset</folder>
	<filename>Nurul Rahmalinda.jpg</filename>
	<path>C:\Users\threenala\Desktop\Capstone\dataset\Nurul Rahmalinda.jpg</path>
	<source>
		<database>Unknown</database>
	</source>
	<size>
		<width>750</width>
		<height>449</height>
		<depth>3</depth>
	</size>
	<segmented>0</segmented>
	<object>
		<name>ktp</name>
		<pose>Unspecified</pose>
		<truncated>0</truncated>
		<difficult>0</difficult>
		<bndbox>
			<xmin>43</xmin>
			<ymin>5</ymin>
			<xmax>731</xmax>
			<ymax>433</ymax>
		</bndbox>
	</object>
</annotation>
