<annotation>
	<folder>dataset</folder>
	<filename>Ramla Amelia.jpg</filename>
	<path>C:\Users\threenala\Desktop\Capstone\dataset\Ramla Amelia.jpg</path>
	<source>
		<database>Unknown</database>
	</source>
	<size>
		<width>435</width>
		<height>274</height>
		<depth>3</depth>
	</size>
	<segmented>0</segmented>
	<object>
		<name>ktp</name>
		<pose>Unspecified</pose>
		<truncated>1</truncated>
		<difficult>0</difficult>
		<bndbox>
			<xmin>1</xmin>
			<ymin>1</ymin>
			<xmax>435</xmax>
			<ymax>271</ymax>
		</bndbox>
	</object>
</annotation>
