<annotation>
	<folder>dataset</folder>
	<filename>Robil Wahyudi.jpg</filename>
	<path>C:\Users\threenala\Desktop\Capstone\dataset\Robil Wahyudi.jpg</path>
	<source>
		<database>Unknown</database>
	</source>
	<size>
		<width>559</width>
		<height>348</height>
		<depth>3</depth>
	</size>
	<segmented>0</segmented>
	<object>
		<name>ktp</name>
		<pose>Unspecified</pose>
		<truncated>0</truncated>
		<difficult>0</difficult>
		<bndbox>
			<xmin>3</xmin>
			<ymin>4</ymin>
			<xmax>552</xmax>
			<ymax>338</ymax>
		</bndbox>
	</object>
</annotation>
