<annotation>
	<folder>dataset</folder>
	<filename>Rochmad Fanani.jpg</filename>
	<path>C:\Users\threenala\Desktop\Capstone\dataset\Rochmad Fanani.jpg</path>
	<source>
		<database>Unknown</database>
	</source>
	<size>
		<width>1054</width>
		<height>694</height>
		<depth>3</depth>
	</size>
	<segmented>0</segmented>
	<object>
		<name>ktp</name>
		<pose>Unspecified</pose>
		<truncated>1</truncated>
		<difficult>0</difficult>
		<bndbox>
			<xmin>7</xmin>
			<ymin>13</ymin>
			<xmax>1054</xmax>
			<ymax>694</ymax>
		</bndbox>
	</object>
</annotation>
