<annotation>
	<folder>dataset</folder>
	<filename>Rosmini.jpg</filename>
	<path>C:\Users\threenala\Desktop\Capstone\dataset\Rosmini.jpg</path>
	<source>
		<database>Unknown</database>
	</source>
	<size>
		<width>759</width>
		<height>483</height>
		<depth>3</depth>
	</size>
	<segmented>0</segmented>
	<object>
		<name>ktp</name>
		<pose>Unspecified</pose>
		<truncated>0</truncated>
		<difficult>0</difficult>
		<bndbox>
			<xmin>13</xmin>
			<ymin>8</ymin>
			<xmax>755</xmax>
			<ymax>475</ymax>
		</bndbox>
	</object>
</annotation>
