<annotation>
	<folder>dataset</folder>
	<filename>Siamah.jpg</filename>
	<path>C:\Users\threenala\Desktop\Capstone\dataset\Siamah.jpg</path>
	<source>
		<database>Unknown</database>
	</source>
	<size>
		<width>1022</width>
		<height>641</height>
		<depth>3</depth>
	</size>
	<segmented>0</segmented>
	<object>
		<name>ktp</name>
		<pose>Unspecified</pose>
		<truncated>0</truncated>
		<difficult>0</difficult>
		<bndbox>
			<xmin>4</xmin>
			<ymin>2</ymin>
			<xmax>1018</xmax>
			<ymax>636</ymax>
		</bndbox>
	</object>
</annotation>
