<annotation>
	<folder>dataset</folder>
	<filename>Sulfita Aurora Zahra.jpg</filename>
	<path>C:\Users\threenala\Desktop\Capstone\dataset\Sulfita Aurora Zahra.jpg</path>
	<source>
		<database>Unknown</database>
	</source>
	<size>
		<width>2125</width>
		<height>1355</height>
		<depth>3</depth>
	</size>
	<segmented>0</segmented>
	<object>
		<name>ktp</name>
		<pose>Unspecified</pose>
		<truncated>1</truncated>
		<difficult>0</difficult>
		<bndbox>
			<xmin>20</xmin>
			<ymin>6</ymin>
			<xmax>2125</xmax>
			<ymax>1323</ymax>
		</bndbox>
	</object>
</annotation>
