<annotation>
	<folder>dataset</folder>
	<filename>Suprapto.jpg</filename>
	<path>C:\Users\threenala\Desktop\Capstone\dataset\Suprapto.jpg</path>
	<source>
		<database>Unknown</database>
	</source>
	<size>
		<width>960</width>
		<height>623</height>
		<depth>3</depth>
	</size>
	<segmented>0</segmented>
	<object>
		<name>ktp</name>
		<pose>Unspecified</pose>
		<truncated>1</truncated>
		<difficult>0</difficult>
		<bndbox>
			<xmin>1</xmin>
			<ymin>8</ymin>
			<xmax>960</xmax>
			<ymax>622</ymax>
		</bndbox>
	</object>
</annotation>
