<annotation>
	<folder>dataset</folder>
	<filename>Ugan sutarja.jpg</filename>
	<path>C:\Users\threenala\Desktop\Capstone\dataset\Ugan sutarja.jpg</path>
	<source>
		<database>Unknown</database>
	</source>
	<size>
		<width>691</width>
		<height>434</height>
		<depth>3</depth>
	</size>
	<segmented>0</segmented>
	<object>
		<name>ktp</name>
		<pose>Unspecified</pose>
		<truncated>0</truncated>
		<difficult>0</difficult>
		<bndbox>
			<xmin>2</xmin>
			<ymin>2</ymin>
			<xmax>684</xmax>
			<ymax>433</ymax>
		</bndbox>
	</object>
</annotation>
