<annotation>
	<folder>dataset</folder>
	<filename>Wahyudi.jpg</filename>
	<path>C:\Users\threenala\Desktop\Capstone\dataset\Wahyudi.jpg</path>
	<source>
		<database>Unknown</database>
	</source>
	<size>
		<width>915</width>
		<height>609</height>
		<depth>3</depth>
	</size>
	<segmented>0</segmented>
	<object>
		<name>ktp</name>
		<pose>Unspecified</pose>
		<truncated>0</truncated>
		<difficult>0</difficult>
		<bndbox>
			<xmin>27</xmin>
			<ymin>34</ymin>
			<xmax>889</xmax>
			<ymax>581</ymax>
		</bndbox>
	</object>
</annotation>
