<annotation>
	<folder>dataset</folder>
	<filename>Yanti Kartika Sari.jpg</filename>
	<path>C:\Users\threenala\Desktop\Capstone\dataset\Yanti Kartika Sari.jpg</path>
	<source>
		<database>Unknown</database>
	</source>
	<size>
		<width>1472</width>
		<height>850</height>
		<depth>3</depth>
	</size>
	<segmented>0</segmented>
	<object>
		<name>ktp</name>
		<pose>Unspecified</pose>
		<truncated>1</truncated>
		<difficult>0</difficult>
		<bndbox>
			<xmin>4</xmin>
			<ymin>4</ymin>
			<xmax>1472</xmax>
			<ymax>850</ymax>
		</bndbox>
	</object>
</annotation>
