<annotation>
	<folder>dataset</folder>
	<filename>Yatmo.jpg</filename>
	<path>C:\Users\threenala\Desktop\Capstone\dataset\Yatmo.jpg</path>
	<source>
		<database>Unknown</database>
	</source>
	<size>
		<width>720</width>
		<height>960</height>
		<depth>3</depth>
	</size>
	<segmented>0</segmented>
	<object>
		<name>ktp</name>
		<pose>Unspecified</pose>
		<truncated>1</truncated>
		<difficult>0</difficult>
		<bndbox>
			<xmin>4</xmin>
			<ymin>171</ymin>
			<xmax>720</xmax>
			<ymax>614</ymax>
		</bndbox>
	</object>
</annotation>
