<annotation>
	<folder>dataset</folder>
	<filename>Yulia Ratna Purwani.jpg</filename>
	<path>C:\Users\threenala\Desktop\Capstone\dataset\Yulia Ratna Purwani.jpg</path>
	<source>
		<database>Unknown</database>
	</source>
	<size>
		<width>1045</width>
		<height>669</height>
		<depth>3</depth>
	</size>
	<segmented>0</segmented>
	<object>
		<name>ktp</name>
		<pose>Unspecified</pose>
		<truncated>1</truncated>
		<difficult>0</difficult>
		<bndbox>
			<xmin>5</xmin>
			<ymin>6</ymin>
			<xmax>1045</xmax>
			<ymax>669</ymax>
		</bndbox>
	</object>
</annotation>
