<annotation>
	<folder>dataset</folder>
	<filename>Yuni.jpg</filename>
	<path>C:\Users\threenala\Desktop\Capstone\dataset\Yuni.jpg</path>
	<source>
		<database>Unknown</database>
	</source>
	<size>
		<width>713</width>
		<height>470</height>
		<depth>3</depth>
	</size>
	<segmented>0</segmented>
	<object>
		<name>ktp</name>
		<pose>Unspecified</pose>
		<truncated>1</truncated>
		<difficult>0</difficult>
		<bndbox>
			<xmin>7</xmin>
			<ymin>8</ymin>
			<xmax>713</xmax>
			<ymax>469</ymax>
		</bndbox>
	</object>
</annotation>
