<annotation>
	<folder>dataset</folder>
	<filename>Zaini.jpg</filename>
	<path>C:\Users\threenala\Desktop\Capstone\dataset\Zaini.jpg</path>
	<source>
		<database>Unknown</database>
	</source>
	<size>
		<width>879</width>
		<height>542</height>
		<depth>3</depth>
	</size>
	<segmented>0</segmented>
	<object>
		<name>ktp</name>
		<pose>Unspecified</pose>
		<truncated>0</truncated>
		<difficult>0</difficult>
		<bndbox>
			<xmin>11</xmin>
			<ymin>15</ymin>
			<xmax>870</xmax>
			<ymax>532</ymax>
		</bndbox>
	</object>
</annotation>
