<annotation>
	<folder>dataset</folder>
	<filename>Zainab.jpg</filename>
	<path>C:\Users\threenala\Desktop\Capstone\dataset\Zainab.jpg</path>
	<source>
		<database>Unknown</database>
	</source>
	<size>
		<width>921</width>
		<height>585</height>
		<depth>3</depth>
	</size>
	<segmented>0</segmented>
	<object>
		<name>ktp</name>
		<pose>Unspecified</pose>
		<truncated>0</truncated>
		<difficult>0</difficult>
		<bndbox>
			<xmin>13</xmin>
			<ymin>31</ymin>
			<xmax>917</xmax>
			<ymax>512</ymax>
		</bndbox>
	</object>
</annotation>
