<annotation>
	<folder>dataset</folder>
	<filename>Zainal arifin.jpg</filename>
	<path>C:\Users\threenala\Desktop\Capstone\dataset\Zainal arifin.jpg</path>
	<source>
		<database>Unknown</database>
	</source>
	<size>
		<width>672</width>
		<height>429</height>
		<depth>3</depth>
	</size>
	<segmented>0</segmented>
	<object>
		<name>ktp</name>
		<pose>Unspecified</pose>
		<truncated>1</truncated>
		<difficult>0</difficult>
		<bndbox>
			<xmin>5</xmin>
			<ymin>6</ymin>
			<xmax>672</xmax>
			<ymax>422</ymax>
		</bndbox>
	</object>
</annotation>
